{
    "mean_PSNR": 23.387956464612806,
    "mean_SSIM": 0.8042144565968901,
    "mean_LPIPS": 0.4374613826339309
}