{
    "mean_PSNR": 21.326577305793762,
    "mean_SSIM": 0.4748198352754116,
    "mean_LPIPS": 0.6347153410315514
}