{
    "mean_PSNR": 24.386019070943195,
    "mean_SSIM": 0.81004737279354,
    "mean_LPIPS": 0.46669554786804396
}