{
    "mean_PSNR": 21.39128565788269,
    "mean_SSIM": 0.540306513508161,
    "mean_LPIPS": 0.5042625144124031
}