{
    "mean_PSNR": 22.310671234130858,
    "mean_SSIM": 0.7563215315341949,
    "mean_LPIPS": 0.46399323642253876
}